{
  "hash": "076d4186",
  "configHash": "608d43c2",
  "lockfileHash": "bd90f71c",
  "browserHash": "dacdf2bd",
  "optimized": {
    "@angular/common/http": {
      "src": "../../../../../node_modules/@angular/common/fesm2022/http.mjs",
      "file": "@angular_common_http.js",
      "fileHash": "6c3270b5",
      "needsInterop": false
    },
    "@angular/core": {
      "src": "../../../../../node_modules/@angular/core/fesm2022/core.mjs",
      "file": "@angular_core.js",
      "fileHash": "6030469f",
      "needsInterop": false
    },
    "@angular/forms": {
      "src": "../../../../../node_modules/@angular/forms/fesm2022/forms.mjs",
      "file": "@angular_forms.js",
      "fileHash": "b2d13ac3",
      "needsInterop": false
    },
    "@angular/platform-browser": {
      "src": "../../../../../node_modules/@angular/platform-browser/fesm2022/platform-browser.mjs",
      "file": "@angular_platform-browser.js",
      "fileHash": "a2a98d22",
      "needsInterop": false
    },
    "@angular/router": {
      "src": "../../../../../node_modules/@angular/router/fesm2022/router.mjs",
      "file": "@angular_router.js",
      "fileHash": "8151b5b1",
      "needsInterop": false
    }
  },
  "chunks": {
    "chunk-KPFHOGE7": {
      "file": "chunk-KPFHOGE7.js"
    },
    "chunk-YK2DKZ73": {
      "file": "chunk-YK2DKZ73.js"
    },
    "chunk-OIPGYHPT": {
      "file": "chunk-OIPGYHPT.js"
    },
    "chunk-ADFJBWRY": {
      "file": "chunk-ADFJBWRY.js"
    }
  }
}